<?xml version="1.0" encoding="UTF-8"?>
<beans xmlns="http://www.springframework.org/schema/beans" 
	xmlns:xsi="http://www.w3.org/2001/XMLSchema-instance"
	xmlns:context="http://www.springframework.org/schema/context" 
	xmlns:jdbc="http://www.springframework.org/schema/jdbc"  
	xmlns:jee="http://www.springframework.org/schema/jee" 
	xmlns:tx="http://www.springframework.org/schema/tx"
	xmlns:aop="http://www.springframework.org/schema/aop" 
	xmlns:mvc="http://www.springframework.org/schema/mvc"
	xmlns:util="http://www.springframework.org/schema/util"
	xmlns:jpa="http://www.springframework.org/schema/data/jpa"
	xsi:schemaLocation="
		http://www.springframework.org/schema/beans http://www.springframework.org/schema/beans/spring-beans-3.2.xsd
		http://www.springframework.org/schema/context http://www.springframework.org/schema/context/spring-context-3.2.xsd
		http://www.springframework.org/schema/jdbc http://www.springframework.org/schema/jdbc/spring-jdbc-3.2.xsd
		http://www.springframework.org/schema/jee http://www.springframework.org/schema/jee/spring-jee-3.2.xsd
		http://www.springframework.org/schema/tx http://www.springframework.org/schema/tx/spring-tx-3.2.xsd
		http://www.springframework.org/schema/data/jpa http://www.springframework.org/schema/data/jpa/spring-jpa-1.3.xsd
		http://www.springframework.org/schema/aop http://www.springframework.org/schema/aop/spring-aop-3.2.xsd
		http://www.springframework.org/schema/mvc http://www.springframework.org/schema/mvc/spring-mvc-3.2.xsd
		http://www.springframework.org/schema/util http://www.springframework.org/schema/util/spring-util-3.2.xsd">
	
	<!-- 1. 通过SET方式注入属性的值 -->
	<bean id="user" class="cn.tedu.spring.User">
		<!-- name属性：需要被注入值的属性名 -->
		<!-- value属性：需要注入的值 -->
		<property name="name" value="Tom"></property>
		<property name="age" value="25"></property>
		<property name="from" value="Beijing"></property>
	</bean>
	<bean id="userDao" class="cn.tedu.spring.UserDao"></bean>
	<bean id="userLoginServlet" class="cn.tedu.spring.UserLoginServlet">
		<!-- ref属性：引用另一个bean，该属性值是另一个bean的id -->
		<property name="userDao" ref="userDao"></property>
	</bean>
	
	<!-- 2. 通过构造方法注入属性的值 -->
	<bean id="person" class="cn.tedu.spring.Person">
		<!-- constructor-arg：配置构造方法的参数 -->
		<!-- index属性：配置的是构造方法中的第几个参数，从0开始顺序编号 -->
		<constructor-arg index="0" value="Guangzhou"></constructor-arg>
	</bean>
	<bean id="date" class="java.util.Date">
	</bean>
	<bean id="student" class="cn.tedu.spring.Student">
		<constructor-arg index="0" value="Henry" />
		<constructor-arg index="1" value="28" />
		<constructor-arg index="2" ref="date" />
	</bean>
	
	<!-- 3. 注入集合类型的属性值 -->
	<bean id="sampleBean" class="cn.tedu.spring.SampleBean">
		<property name="names">
			<array>
				<value>Lucy</value>
				<value>Jack</value>
				<value>Kate</value>
				<value>Tom</value>
			</array>
		</property>
		<property name="cities">
			<set>
				<value>Beijing</value>
				<value>Shanghai</value>
				<value>Hangzhou</value>
				<value>Guangzhou</value>
				<value>Shenzhen</value>
			</set>
		</property>
		<property name="skills">
			<list>
				<value>JavaOOP</value>
				<value>JavaSE</value>
				<value>MySQL</value>
				<value>JDBC</value>
			</list>
		</property>
		<property name="session">
			<map>
				<entry key="username" value="Billy" />
				<entry key="age" value="23" />
				<entry key="password" value="javaee" />
			</map>
		</property>
		<property name="tools" ref="tools" />
		<property name="jdbcConfig">
			<props>
				<prop key="username">administrator</prop>
				<prop key="password">12345678</prop>
			</props>
		</property>
	</bean>
	
	<!-- util:properties节点可以用于读取.properties类型的配置文件 -->
	<!-- 该节点就是一个Properties类型的对象 -->
	<!-- location属性：读取哪个文件 -->
	<util:properties id="jdbcConfig"
		location="classpath:jdbc.properties" />
	
	<util:list id="tools">
		<value>Eclipse</value>
		<value>MySQL</value>
		<value>Office</value>
		<value>Intellij IDEA</value>
	</util:list>
	
	<!-- 4. 通过Spring表达式读取其它bean的属性 -->
	<bean id="valueBean" class="cn.tedu.spring.ValueBean">
		<property name="name" value="#{user.name}" />
		<property name="username" value="#{sampleBean.names[2]}" />
		<property name="from" value="#{sampleBean.cities[1]}" />
		<property name="password" value="#{sampleBean.session.password}" />
	</bean>
	
</beans>












